{
  "type": "AdaptiveCard",
  "body": [
    {
      "type": "TextBlock",
      "spacing": "medium",
      "size": "default",
      "weight": "bolder",
     
      "wrap": true,
      "maxLines": 0,
      "text": "Provide your valuable feedback :"
    },
    {
      "type": "ColumnSet",
      "columns": [
        {
          "type": "Column",
          "items": [
            {
              
              "type": "TextBlock",
              "spacing": "medium",
              "size": "default",
              "weight": "bolder",
              "text": "",
              "wrap": true,
              "maxLines": 0
            }
          ],
          "width": 20
        },
        {
          "type": "Column",
          "items": [
            {
              "type": "Input.Text",
              "id": "userText",
              "placeholder": "Enter Comments"
            }
          ],
          "width": 80
        }
      ]
    }
  ],
  "actions": [
    {
      "type": "Action.Submit",
      "title": "Submit"
    }
  ],
  "$schema": "http://adaptivecards.io/schemas/adaptive-card.json",
  "version": "1.0"
}