{
  "$schema": "http://adaptivecards.io/schemas/adaptive-card.json",
  "type": "AdaptiveCard",
  "version": "1.0",
  "body": [
    {
      "type": "Image",
      //"url": "https://encrypted-tbn0.gstatic.com/images?q=tbn:ANd9GcQtB3AwMUeNoq4gUBGe6Ocj8kyh3bXa9ZbV7u1fVKQoyKFHdkqU",
      "url": "http://localhost:3979/botlogo.png",
      "size": "100%"
    },
    {
      "type": "TextBlock",
      "spacing": "medium",
      "size": "default",
      "weight": "bolder",
      "text": "",
      "wrap": true,
      "maxLines": 0
    },
    {
      "type": "TextBlock",
      "size": "default",
      "isSubtle": true,
      "text": "",
      "wrap": true,
      "maxLines": 0
    }
  ],
 
  "attachments": [
    {
      "contentType": "image/jpg",
      "contentUrl": "http://mydeploy.azurewebsites.net/matsu.jpg",
      "name": "matsu.jpg"
    }
  ]
}