[{"UserName":"VMInfy\\SelvamGandhi","Rating":"1","Comments":"test"}][{"UserName":"VMInfy\\SelvamGandhi","Rating":"1","Comments":"test"}][{"UserName":"VMInfy\\SelvamGandhi","Rating":"5","Comments":"comments"}][{"UserName":"VMInfy\\SelvamGandhi","Rating":"1","Comments":"text"}][{"UserName":"VMInfy\\SelvamGandhi","Rating":"1","Comments":"test"}][{"UserName":"VMInfy\\SelvamGandhi","Rating":"4","Comments":"Good"}][{"UserName":"VMInfy\\SelvamGandhi","Rating":"1","Comments":"very bad"}][{"UserName":"VMInfy\\SelvamGandhi","Rating":"1","Comments":"very bad"}][{"UserName":"VMInfy\\SelvamGandhi","Rating":"1","Comments":"test"}][{"UserName":"VMInfy\\SelvamGandhi","Rating":"1","Comments":"Comments"}][{"UserName":"VMInfy\\SelvamGandhi","Rating":"1","Comments":"Test"}][{"UserName":"VMInfy\\SelvamGandhi","Rating":"5","Comments":"test"}][{"UserName":null,"Rating":null,"Comments":null}][{"UserName":null,"Rating":null,"Comments":null}][{"UserName":"VMInfy\\SelvamGandhi","Rating":"1","Comments":"test"}][{"UserName":"VMInfy\\SelvamGandhi","Rating":"5","Comments":"good"}][{"UserName":"VMInfy\\SelvamGandhi","Rating":"5","Comments":"final"}][{"UserName":"VMInfy\\SelvamGandhi","Rating":"1","Comments":""}][{"UserName":"VMInfy\\SelvamGandhi","Rating":"1","Comments":"test"}][{"UserName":"VMInfy\\SelvamGandhi","Rating":"1","Comments":"test"}][{"UserName":"VMInfy\\SelvamGandhi","Rating":"1","Comments":"test"}][{"UserName":"VMInfy\\SelvamGandhi","Rating":"1","Comments":""}][{"UserName":"VMInfy\\SelvamGandhi","Rating":"5","Comments":"test123"}][{"UserName":"VMInfy\\SelvamGandhi","Rating":"5","Comments":""}]